index,x,y
0,1,0
2,2,0
117,1,1
4,3,0
118,2,1
115,0,1
249,1,2
120,3,1
251,2,2
247,0,2
122,4,1
6,5,0
385,2,3
382,0,3
253,4,2
514,2,4
387,4,3
124,6,1
513,1,4
516,3,4
631,2,5
628,0,5
255,6,2
629,1,5
633,3,5
757,2,6
634,4,5
256,7,2
127,8,1
9,9,0
755,1,6
758,3,6
872,2,7
870,0,7
636,5,5
519,6,4
258,8,2
389,7,3
871,1,7
987,0,8
638,6,5
873,4,7
11,11,0
989,1,8
1104,0,9
640,7,5
760,6,6
875,5,7
990,4,8
261,10,2
392,9,3
1223,0,10
642,8,5
761,7,6
1109,4,9
263,11,2
520,9,4
131,12,1
1225,1,10
1339,0,11
763,8,6
878,7,7
1111,5,9
1229,4,10
265,12,2
395,11,3
522,10,4
1226,2,10
1341,1,11
880,8,7
993,7,8
1113,6,9
1346,4,11
267,13,2
397,12,3
14,15,0
1343,2,11
1462,1,12
882,9,7
995,8,8
1348,5,11
268,14,2
399,13,3
524,12,4
16,16,0
1464,2,12
1582,1,13
1698,0,14
884,10,7
997,9,8
1116,8,9
647,12,5
764,11,6
1231,7,10
1468,5,12
1465,3,12
269,15,2
526,13,4
133,16,1
1583,2,13
1806,0,15
885,11,7
1118,9,9
1233,8,10
649,13,5
765,12,6
1470,6,12
1587,5,13
1585,3,13
271,16,2
1699,2,14
887,12,7
999,11,8
1120,10,9
1351,8,11
767,13,6
1588,6,13
402,16,3
529,15,4
135,18,1
1808,2,15
889,13,7
1000,12,8
1122,11,9
1235,10,10
1914,4,16
404,17,3
652,15,5
18,18,0
137,19,1
2009,1,17
890,14,7
1002,13,8
1124,12,9
1354,10,11
1472,9,12
1813,6,15
1916,5,16
2014,4,17
532,17,4
653,16,5
274,19,2
139,20,1
2011,2,17
2107,1,18
1003,14,8
1125,13,9
1356,11,11
1473,10,12
1592,9,13
1704,8,14
1815,7,15
2016,5,17
655,17,5
275,20,2
407,19,3
19,20,0
140,21,1
2108,2,18
2203,1,19
1126,14,9
1475,11,12
1594,10,13
1705,9,14
1817,8,15
770,17,6
2017,6,17
2207,4,19
656,18,5
277,21,2
409,20,3
142,22,1
2204,2,19
2202,0,19
2302,1,20
1128,15,9
1238,14,10
1004,16,8
1477,12,12
1707,10,14
1920,8,16
771,18,6
2018,7,17
2113,6,18
2208,5,19
2305,4,20
658,19,5
279,22,2
534,20,4
21,22,0
144,23,1
1479,13,12
2020,8,17
773,19,6
2114,7,18
2209,6,19
2400,4,21
660,20,5
281,23,2
536,21,4
146,24,1
2396,2,21
2488,1,22
1131,17,9
1239,16,10
1481,14,12
1007,18,8
1710,12,14
1820,11,15
1923,10,16
2021,9,17
774,20,6
2211,7,19
2398,3,21
2402,5,21
2492,4,22
662,21,5
412,23,3
537,22,4
148,25,1
2489,2,22
1241,17,10
1596,14,13
1009,19,8
1924,11,16
2213,8,19
776,21,6
663,22,5
414,24,3
283,25,2
150,26,1
2583,2,23
2581,0,23
1242,18,10
1360,17,11
1483,16,12
1712,14,14
1132,19,9
1823,13,15
2024,11,17
2494,6,22
664,23,5
416,25,3
284,26,2
151,27,1
2679,0,24
1484,17,12
1597,16,13
1825,14,15
1133,20,9
1927,13,16
2025,12,17
2215,10,19
2310,9,20
2405,8,21
2682,3,24
779,23,6
418,26,3
539,25,4
26,27,0
153,28,1
2784,0,25
2886,1,26
1362,19,11
1598,17,13
1714,16,14
1826,15,15
1929,14,16
1134,21,9
2217,11,19
2311,10,20
2497,8,22
2684,4,24
2788,3,25
420,27,3
28,28,0
155,29,1
2884,0,26
2888,2,26
2988,1,27
1486,19,12
1244,21,10
1827,16,15
1931,15,16
2027,14,17
2119,13,18
2312,11,20
2407,10,21
2586,8,23
2686,5,24
2789,4,25
782,25,6
896,24,7
1014,23,8
668,26,5
421,28,3
29,29,0
156,30,1
2987,0,27
1364,21,11
1246,22,10
1828,17,15
2028,15,17
1012,22,8
1136,23,9
2313,12,20
2408,11,21
2500,10,22
2588,9,23
2690,8,24
2990,3,27
897,25,7
669,27,5
542,28,4
158,31,1
289,30,2
3085,2,28
1488,21,12
1601,20,13
1248,23,10
1933,17,16
2029,16,17
2122,15,18
2315,13,20
2410,12,21
2502,11,22
2795,8,25
2791,6,25
2891,5,26
2992,4,27
898,26,7
1015,25,8
670,28,5
544,29,4
424,30,3
31,31,0
160,32,1
3183,2,29
1489,22,12
1718,20,14
1934,18,16
2031,17,17
2123,16,18
2221,15,19
2317,14,20
1138,25,9
2590,11,23
2692,10,24
2797,9,25
2793,7,25
2894,8,26
3185,3,29
1016,26,8
672,29,5
546,30,4
162,33,1
292,32,2
3181,1,29
3280,0,30
1604,22,13
1719,21,14
1832,20,15
2033,18,17
2124,17,18
2222,16,19
2319,15,20
2412,14,21
1140,26,9
2799,10,25
2896,9,26
2995,8,27
3087,5,28
3187,4,29
3283,3,30
1018,27,8
900,28,7
786,29,6
34,33,0
164,34,1
3363,0,31
3367,2,31
1606,23,13
1720,22,14
1492,24,12
1834,21,15
1831,19,15
1937,20,16
1367,25,11
2034,19,17
2223,17,19
2321,16,20
2413,15,21
1141,27,9
1249,26,10
2592,13,23
2694,12,24
2997,9,27
3092,8,28
3089,6,28
3285,4,30
3368,3,31
1020,28,8
901,29,7
788,30,6
673,31,5
549,32,4
427,33,3
3365,1,31
3471,0,32
1607,24,13
1722,23,14
1494,25,12
2036,20,17
1369,26,11
2126,19,18
2225,18,19
2323,17,20
2415,16,21
2507,15,22
2593,14,23
1143,28,9
2899,11,26
2999,10,27
3093,9,28
3090,7,28
3192,8,29
3189,6,29
3286,5,30
1022,29,8
790,31,6
166,36,1
296,35,2
429,34,3
3472,1,32
3585,0,33
3588,2,33
1724,24,14
1496,26,12
2128,20,18
1370,27,11
2227,19,19
2325,18,20
2416,17,21
2509,16,22
2801,13,25
3000,11,27
3194,9,29
3371,5,31
3474,4,32
3589,3,33
791,32,6
904,31,7
168,37,1
298,36,2
431,35,3
3707,2,34
1725,25,14
1940,23,16
1497,27,12
2130,21,18
2327,19,20
2418,18,21
2695,15,24
1145,30,9
1252,29,10
2803,14,25
3001,12,27
3095,11,28
3196,10,29
3591,4,33
1024,31,8
906,32,7
39,37,0
169,38,1
433,36,3
551,35,4
676,34,5
3705,1,34
3837,0,35
1727,26,14
1837,25,15
1942,24,16
2038,23,17
2131,22,18
1610,27,13
2329,20,20
1373,29,11
2419,19,21
2511,18,22
2595,17,23
2696,16,24
1146,31,9
1254,30,10
2902,14,26
3097,12,28
3374,7,31
3476,6,32
3592,5,33
1026,32,8
170,39,1
434,37,3
674,33,5
794,34,6
3839,1,35
3949,0,36
1944,25,16
2039,24,17
2133,23,18
2230,22,19
1612,28,13
1499,29,12
2421,20,21
1375,30,11
2513,19,22
2597,18,23
2904,15,26
1147,32,9
1256,31,10
3378,10,31
3710,5,34
3952,3,36
909,34,7
42,39,0
172,40,1
301,39,2
554,37,4
678,36,5
795,35,6
1730,28,14
1838,27,15
1945,26,16
2231,23,19
2331,22,20
1613,29,13
2515,20,22
1377,31,11
2599,19,23
2699,18,24
2805,17,25
2905,16,26
1258,32,10
3198,13,29
3289,12,30
3377,9,31
3481,10,32
3479,8,32
3594,7,33
3712,6,34
3841,5,35
4069,3,37
910,35,7
43,40,0
173,41,1
555,38,4
679,37,5
4068,1,37
4186,0,38
2041,26,17
2136,25,18
1615,30,13
1502,31,12
2907,17,26
3101,15,28
1259,33,10
1150,34,9
3200,14,29
3291,13,30
3380,12,31
3480,9,32
3482,11,32
3595,8,33
3954,5,36
4071,4,37
1028,35,8
174,42,1
438,40,3
797,37,6
4306,0,39
1841,29,15
2043,27,17
2138,26,18
2517,22,22
1616,31,13
1504,32,12
2601,21,23
1379,33,11
2702,20,24
2808,19,25
2908,18,26
3102,16,28
3099,14,28
3202,15,29
1261,34,10
1152,35,9
3292,14,30
3381,13,31
3484,12,32
3597,9,33
3715,8,34
3843,7,35
3955,6,36
4190,4,38
4310,3,39
1029,36,8
46,42,0
176,43,1
305,42,2
558,40,4
682,39,5
799,38,6
913,37,7
4307,1,39
2044,28,17
2519,23,22
1733,31,14
2704,21,24
2810,20,25
3003,18,27
3103,17,28
3382,14,31
3486,13,32
3718,11,34
3956,7,36
4072,6,37
4192,5,38
4308,2,39
178,44,1
307,43,2
441,42,3
684,40,5
801,39,6
914,38,7
1735,32,14
1618,33,13
2705,22,24
2909,20,26
3005,19,27
3205,17,29
3294,16,30
1155,37,9
3716,10,34
3848,11,35
3958,8,36
4312,5,39
1031,38,8
47,44,0
443,43,3
561,42,4
686,41,5
803,40,6
915,39,7
2603,24,23
1736,33,14
2813,22,25
2910,21,26
3105,19,28
3207,18,29
3383,16,31
1263,37,10
1380,36,11
3846,10,35
4074,8,37
4195,7,38
4314,6,39
1032,39,8
48,45,0
180,46,1
445,44,3
687,42,5
805,41,6
917,40,7
2707,24,24
2912,22,26
3008,21,27
3106,20,28
3208,19,29
3385,17,31
3489,16,32
1382,37,11
1508,36,12
3602,15,33
3721,14,34
3963,12,36
3961,10,36
4075,9,37
4197,8,38
4316,7,39
182,47,1
564,44,4
2708,25,24
2815,24,25
1739,35,14
3107,21,28
3491,17,32
1384,38,11
1509,37,12
1622,36,13
3723,15,34
4080,12,37
4077,10,37
4199,9,38
4317,8,39
1034,41,8
51,47,0
184,48,1
565,45,4
447,46,3
808,43,6
1621,35,13
1741,36,14
3011,23,27
3298,20,30
3387,19,31
3493,18,32
1506,34,12
3850,15,35
3965,14,36
4079,11,37
1035,42,8
1158,41,9
312,48,2
688,45,5
2817,26,25
2916,25,26
3013,24,27
1743,37,14
3299,21,30
3495,19,32
3604,18,33
3851,16,35
3967,15,36
4083,14,37
4201,11,38
4321,12,39
1037,43,8
1159,42,9
448,48,3
567,47,4
690,46,5
922,44,7
2819,27,25
2917,26,26
2710,28,24
1745,38,14
3300,22,30
3389,21,31
3211,23,29
3497,20,32
3606,19,33
1513,40,12
1624,39,13
1267,42,10
1387,41,11
4085,15,37
568,48,4
692,47,5
923,45,7
2820,28,25
2919,27,26
3015,26,27
2712,29,24
1623,38,13
1843,38,15
3498,21,32
3728,19,34
1625,40,13
1269,43,10
1389,42,11
3726,17,34
3853,18,35
4087,16,37
4206,15,38
4324,14,39
1039,45,8
1160,44,9
694,48,5
925,46,7
2921,28,26
3016,27,27
3111,26,28
2605,29,23
2522,28,22
1845,39,15
3302,24,30
3500,22,32
3730,20,34
3855,19,35
1515,42,12
1271,44,10
1390,43,11
3971,18,36
4089,17,37
4207,16,38
1041,46,8
1162,45,9
812,48,6
2922,29,26
2821,30,25
3112,27,28
2524,29,22
2424,28,21
1847,40,15
3608,22,33
3731,21,34
3973,19,36
1627,42,13
1272,45,10
1392,44,11
4091,18,37
4326,16,39
1163,46,9
2924,30,26
3019,29,27
3113,28,28
2823,31,25
3215,27,29
3213,25,29
2525,30,22
2608,31,23
1848,41,15
1947,40,16
3392,25,31
3502,24,32
3610,23,33
3733,22,34
3858,21,35
4093,19,37
1629,43,13
1749,42,14
1273,46,10
1518,44,12
4209,18,38
4328,17,39
1164,47,9
1044,48,8
2926,31,26
3021,30,27
3115,29,28
3217,28,29
2715,31,24
2825,32,25
3304,27,30
3394,26,31
2527,31,22
2332,29,20
2610,32,23
1747,41,14
1850,42,15
1949,41,16
3504,25,32
3612,24,33
3735,23,34
3860,22,35
1630,44,13
1750,43,14
1275,47,10
1394,46,11
1166,48,9
3023,31,27
3117,30,28
3218,29,29
2717,32,24
2827,33,25
3396,27,31
3506,26,32
2427,31,21
2612,33,23
1852,43,15
1950,42,16
2049,41,17
3614,25,33
3737,24,34
3862,23,35
3977,22,36
1751,44,14
1277,48,10
1395,47,11
1519,46,12
4330,19,39
3024,32,27
3119,31,28
2928,33,26
3220,30,29
3307,29,30
2829,34,25
3508,27,32
2334,31,20
2139,29,18
2530,33,22
2614,34,23
1853,44,15
1952,43,16
2050,42,17
2146,41,18
3739,25,34
3863,24,35
3978,23,36
4096,22,37
1633,46,13
1396,48,11
4332,20,39
3025,33,27
3398,29,31
2830,35,25
3510,28,32
2236,31,19
2335,32,20
2141,30,18
2615,35,23
1953,44,16
2239,41,19
3741,26,34
3864,25,35
3980,24,36
4098,23,37
4213,22,38
1634,47,13
4334,21,39
3026,34,27
3310,31,30
3400,30,31
3511,29,32
2720,35,24
2831,36,25
3617,28,33
2238,32,19
2046,30,17
2617,36,23
2051,44,17
1855,46,15
2148,43,18
3866,26,35
3981,25,36
4211,21,38
1635,48,13
3122,34,28
3512,30,32
3619,29,33
2833,37,25
2144,32,18
2047,31,17
2338,34,20
2532,36,22
2618,37,23
2431,35,21
2053,45,17
2149,44,18
1856,47,15
2242,43,19
3867,27,35
4099,25,37
1754,48,14
3124,35,28
3403,32,31
3513,31,32
3744,29,34
2931,37,26
3869,28,35
2432,36,21
2151,45,18
2244,44,19
1956,47,16
1857,48,15
3983,27,36
4100,26,37
4216,25,38
4335,24,39
3126,36,28
3221,35,29
3028,37,27
3405,33,31
3514,32,32
3745,30,34
2933,38,26
2056,47,17
2343,44,20
1958,48,16
4102,27,37
4218,26,38
4337,25,39
3127,37,28
3312,35,30
3515,33,32
2935,39,26
2246,46,19
2344,45,20
2058,48,17
2434,44,21
4219,27,38
3129,38,28
3313,36,30
3030,39,27
3623,33,33
3872,31,35
2247,47,19
2436,45,21
2153,48,18
2433,43,21
4220,28,38
3225,38,29
3625,34,33
3987,31,36
4106,30,37
4221,29,38
2248,48,19
2346,47,20
2437,46,21
4340,28,39
3132,40,28
3406,37,31
3749,34,34
3989,32,36
4223,30,38
4342,29,39
2348,48,20
2535,46,22
2619,45,23
3315,39,30
3408,38,31
4109,32,37
4225,31,38
4344,30,39
2440,48,21
2621,46,23
3317,40,30
3409,39,31
3226,41,29
3751,36,34
3991,34,36
4110,33,37
4227,32,38
4346,31,39
2622,47,23
2724,46,24
3319,41,30
3518,39,32
3752,37,34
3874,36,35
3993,35,36
4229,33,38
4348,32,39
2623,48,23
2726,47,24
3412,41,31
3631,39,33
3627,37,33
3753,38,34
4112,35,37
4231,34,38
4350,33,39
2727,48,24
2836,47,25
3520,41,32
3629,38,33
3633,40,33
3755,39,34
3876,38,35
2837,48,25
2936,47,26
3522,42,32
3997,38,36
4114,37,37
4234,36,38
4353,35,39
2938,48,26
3635,42,33
3758,41,34
3878,40,35
4116,38,37
4235,37,38
4355,36,39
3636,43,33
3760,42,34
3880,41,35
4117,39,37
3762,43,34
3882,42,35
4357,38,39
3883,43,35
4001,42,36
4120,41,37
4358,39,39
4002,43,36
4122,42,37
4124,43,37
3764,46,34
4360,41,39
4125,44,37
3766,47,34
3885,46,35
4361,42,39
4127,45,37
4240,44,38
4363,43,39
4004,46,36
3639,47,33
3886,47,35
4242,45,38
4364,44,39
4005,47,36
3641,48,33
3888,48,35
4365,45,39
4129,47,37
4006,48,36
4131,48,37
4368,48,39
4366,47,39
1,1,0
3,2,0
5,3,0
119,2,1
116,0,1
250,1,2
121,3,1
252,2,2
248,0,2
384,1,3
7,5,0
383,0,3
123,5,1
386,3,3
515,2,4
512,0,4
630,1,5
125,6,1
254,5,2
632,2,5
756,1,6
126,7,1
388,5,3
517,4,4
8,8,0
257,7,2
518,5,4
635,4,5
10,9,0
259,8,2
390,7,3
637,5,5
759,4,6
128,9,1
988,0,8
1106,1,9
260,9,2
391,8,3
639,6,5
874,4,7
129,10,1
12,11,0
1107,2,9
1105,0,9
262,10,2
393,9,3
641,7,5
876,5,7
130,11,1
13,12,0
1108,3,9
1227,2,10
1224,0,10
1342,1,11
264,11,2
394,10,3
521,9,4
643,8,5
762,7,6
877,6,7
991,5,8
1110,4,9
1228,3,10
1344,2,11
1340,0,11
1463,1,12
266,12,2
396,11,3
523,10,4
644,9,5
879,7,7
992,6,8
1112,5,9
1345,3,11
1461,0,12
398,12,3
645,10,5
881,8,7
994,7,8
1114,6,9
1347,4,11
15,15,0
1466,3,12
1584,2,13
400,13,3
525,12,4
646,11,5
883,9,7
996,8,8
1115,7,9
1230,6,10
1349,5,11
1467,4,12
132,15,1
17,16,0
1700,2,14
527,13,4
648,12,5
270,15,2
998,9,8
1117,8,9
1232,7,10
1350,6,11
1469,5,12
1586,4,13
134,16,1
1809,2,15
528,14,4
650,13,5
401,15,3
766,12,6
272,16,2
886,11,7
1119,9,9
1234,8,10
1701,4,14
1807,1,15
1810,3,15
1913,2,16
1911,0,16
530,15,4
651,14,5
768,13,6
403,16,3
888,12,7
1121,10,9
1352,8,11
1702,5,14
1811,4,15
136,18,1
1912,1,16
2012,2,17
2008,0,17
531,16,4
769,14,6
405,17,3
1001,12,8
1123,11,9
1353,9,11
1471,8,12
1812,5,15
1915,4,16
138,19,1
273,18,2
2010,1,17
2013,3,17
2109,2,18
2106,0,18
654,16,5
406,18,3
1236,11,10
1355,10,11
1591,8,13
1814,6,15
1917,5,16
1589,6,13
1703,7,14
2015,4,17
20,21,0
2110,3,18
2205,2,19
533,18,4
891,15,7
408,19,3
1237,12,10
1474,10,12
1593,9,13
1590,7,13
1816,7,15
1918,6,16
2111,4,18
141,21,1
276,20,2
22,22,0
2206,3,19
2304,2,20
657,18,5
1127,14,9
410,20,3
1357,12,11
1476,11,12
1706,9,14
1818,8,15
1919,7,16
2112,5,18
143,22,1
278,21,2
23,23,0
2303,1,20
2397,2,21
772,18,6
659,19,5
535,20,4
1129,15,9
1358,13,11
1478,12,12
1595,11,13
1708,10,14
1819,9,15
1921,8,16
2019,7,17
145,23,1
280,22,2
2399,3,21
2490,2,22
892,18,7
1006,17,8
661,20,5
1130,16,9
1359,14,11
411,22,3
1480,13,12
1709,11,14
1922,9,16
2115,7,18
2210,6,19
2306,5,20
147,24,1
24,25,0
2401,4,21
2491,3,22
2395,0,21
2584,2,23
1008,18,8
775,20,6
1005,16,8
1240,16,10
1482,14,12
413,23,3
1821,11,15
2022,9,17
2116,8,18
2212,7,19
2307,6,20
149,25,1
282,24,2
25,26,0
2585,3,23
2582,1,23
2681,2,24
1010,19,8
777,21,6
893,20,7
538,23,4
415,24,3
1711,13,14
1822,12,15
1925,11,16
2023,10,17
2117,9,18
2308,7,20
2403,6,21
2493,5,22
27,27,0
2683,3,24
2787,2,25
1011,20,8
778,22,6
894,21,7
665,23,5
1713,14,14
417,25,3
1824,13,15
1926,12,16
2214,9,19
2309,8,20
2404,7,21
2495,6,22
152,27,1
2685,4,24
2680,0,24
2786,1,25
2889,2,26
1243,19,10
780,23,6
666,24,5
540,25,4
1361,18,11
1485,17,12
419,26,3
1928,13,16
2026,12,17
2118,11,18
2216,10,19
2406,8,21
2496,7,22
2687,5,24
154,28,1
286,27,2
2790,4,25
2785,0,25
2887,1,26
1363,19,11
781,24,6
895,23,7
1013,22,8
667,25,5
1599,17,13
285,26,2
1930,14,16
2218,11,19
2498,8,22
2688,6,24
287,28,2
2890,4,26
2991,3,27
2885,0,26
2989,1,27
1135,22,9
1245,21,10
783,25,6
1600,18,13
1715,17,14
1932,15,16
2120,13,18
2499,9,22
2587,8,23
2689,7,24
2792,6,25
288,29,2
422,28,3
30,29,0
157,30,1
2892,5,26
3086,3,28
3084,1,28
3184,2,29
1247,22,10
1487,20,12
784,26,6
1716,18,14
1829,17,15
2121,14,18
2219,13,19
2314,12,20
2409,11,21
2501,10,22
2794,7,25
2893,6,26
290,30,2
423,29,3
543,28,4
159,31,1
2993,5,27
3186,3,29
3182,1,29
1365,22,11
1137,24,9
1602,20,13
1717,19,14
541,27,4
671,28,5
1830,18,15
2030,16,17
2220,14,19
2316,13,20
2411,12,21
2503,11,22
2589,10,23
2691,9,24
2796,8,25
291,31,2
425,30,3
545,29,4
32,31,0
161,32,1
3088,5,28
3284,3,30
3282,1,30
1366,23,11
1490,22,12
1139,25,9
1603,21,13
785,28,6
899,27,7
1017,26,8
1935,18,16
2032,17,17
2318,14,20
2504,12,22
2591,11,23
2798,9,25
2895,8,26
2994,7,27
293,32,2
426,31,3
547,30,4
33,32,0
163,33,1
3188,5,29
3369,3,31
3281,0,30
3366,1,31
1491,23,12
1605,22,13
1833,20,15
787,29,6
1019,27,8
1936,19,16
2125,17,18
2320,15,20
2505,13,22
2693,11,24
2897,9,26
2996,8,27
3091,7,28
3190,6,29
294,33,2
548,31,4
35,33,0
165,34,1
3370,4,31
3473,3,32
3364,0,31
1493,24,12
1368,25,11
1721,22,14
1250,26,10
1142,27,9
1938,20,16
789,30,6
902,29,7
1021,28,8
2035,19,17
2224,17,19
2322,16,20
2414,15,21
2506,14,22
2800,11,25
2898,10,26
2998,9,27
3191,7,29
295,34,2
428,33,3
36,34,0
3372,5,31
3590,3,33
3587,1,33
1495,25,12
1608,24,13
1723,23,14
1835,22,15
1144,28,9
2037,20,17
903,30,7
1023,29,8
2127,19,18
2226,18,19
2324,17,20
2508,15,22
2900,11,26
3193,8,29
3373,6,31
297,35,2
430,34,3
550,33,4
37,35,0
3475,5,32
3708,3,34
3586,0,33
3706,1,34
1609,25,13
1371,27,11
1939,22,16
1251,28,10
2129,20,18
905,31,7
2228,19,19
2326,18,20
2417,17,21
2510,16,22
2802,13,25
2901,12,26
3094,10,28
3195,9,29
3287,8,30
3375,7,31
3477,6,32
299,36,2
432,35,3
675,33,5
792,32,6
38,36,0
3593,5,33
3709,4,34
3704,0,34
3951,2,36
1726,25,14
1836,24,15
1941,23,16
1372,28,11
1253,29,10
907,32,7
1025,31,8
2328,19,20
2594,16,23
2804,14,25
3096,11,28
3376,8,31
3478,7,32
167,36,1
300,37,2
552,35,4
677,34,5
793,33,6
40,37,0
3711,5,34
3840,4,35
3838,0,35
3950,1,36
1728,26,14
1943,24,16
1374,29,11
1498,28,12
2132,22,18
1255,30,10
2229,21,19
2330,20,20
908,33,7
2420,19,21
2512,18,22
2596,17,23
2697,16,24
2903,14,26
3002,13,27
3098,12,28
3197,11,29
3713,6,34
435,37,3
553,36,4
41,38,0
3842,5,35
3953,4,36
4070,3,37
1729,27,14
2040,24,17
2134,23,18
1376,30,11
1500,29,12
1257,31,10
1148,32,9
2422,20,21
2514,19,22
2598,18,23
2698,17,24
3288,11,30
3379,10,31
3596,8,33
3714,7,34
436,38,3
302,39,2
4189,3,38
1611,27,13
1731,28,14
1839,27,15
1946,26,16
2135,24,18
2232,23,19
1378,31,11
1501,30,12
1614,29,13
1149,33,9
1027,34,8
2600,19,23
2700,18,24
2806,17,25
2906,16,26
3100,14,28
3199,13,29
3290,12,30
3598,9,33
3844,7,35
171,39,1
437,39,3
556,38,4
680,37,5
303,40,2
4191,4,38
4188,2,38
4311,3,39
4187,0,38
1840,28,15
2042,26,17
2137,25,18
1503,31,12
1260,33,10
1151,34,9
2423,22,21
2516,21,22
2701,19,24
2807,18,25
3201,14,29
3483,11,32
3599,10,33
3957,7,36
439,40,3
557,39,4
681,38,5
798,37,6
304,41,2
4193,5,38
4309,2,39
1842,29,15
1505,32,12
1617,31,13
1153,35,9
2518,22,22
911,35,7
2703,20,24
2809,19,25
3203,15,29
3293,14,30
3485,12,32
3717,10,34
3845,9,35
3959,8,36
4073,7,37
4194,6,38
44,40,0
440,41,3
559,40,4
683,39,5
800,38,6
306,42,2
4313,5,39
1734,31,14
1154,36,9
2520,23,22
2602,22,23
796,35,6
912,36,7
1030,37,8
2811,20,25
3004,18,27
3204,16,29
3487,13,32
3600,12,33
3719,11,34
3847,10,35
3960,9,36
4196,7,38
4315,6,39
45,41,0
175,42,1
442,42,3
560,41,4
685,40,5
802,39,6
308,43,2
1619,33,13
1732,30,14
1262,36,10
2706,22,24
2812,21,25
3006,19,27
3104,18,28
3206,17,29
3295,16,30
3601,13,33
4076,9,37
4198,8,38
177,43,1
444,43,3
562,42,4
804,40,6
916,39,7
1620,34,13
1737,33,14
1507,35,12
1264,37,10
1381,36,11
2911,21,26
1033,39,8
3007,20,27
3296,17,30
3384,16,31
3488,15,32
3720,13,34
3849,12,35
3962,11,36
4078,10,37
4200,9,38
4318,8,39
446,44,3
563,43,4
806,41,6
918,40,7
309,45,2
1738,34,14
1265,38,10
1383,37,11
1156,39,9
2814,23,25
2913,22,26
3009,21,27
3386,17,31
3490,16,32
3722,14,34
3964,12,36
4319,9,39
179,45,1
807,42,6
919,41,7
310,46,2
1740,35,14
1510,37,12
1385,38,11
1157,40,9
2816,24,25
2914,23,26
3010,22,27
3209,20,29
3297,19,30
3492,17,32
3724,15,34
4081,12,37
4202,11,38
49,45,0
181,46,1
566,45,4
920,42,7
311,47,2
1742,36,14
1511,38,12
1386,39,11
2915,24,26
3012,23,27
3108,22,28
1036,42,8
3388,19,31
3494,18,32
3603,17,33
3725,16,34
3966,14,36
4082,13,37
4203,12,38
4320,11,39
50,46,0
183,47,1
689,45,5
809,44,6
921,43,7
313,48,2
1744,37,14
1512,39,12
3014,24,27
3109,23,28
3210,22,29
3496,19,32
3605,18,33
3968,15,36
4084,14,37
4204,13,38
4322,12,39
52,47,0
185,48,1
691,46,5
810,45,6
1746,38,14
1388,41,11
2918,26,26
3301,22,30
1268,42,10
3607,19,33
3727,18,34
3852,17,35
3969,16,36
4086,15,37
4205,14,38
4323,13,39
53,48,0
693,47,5
811,46,6
924,45,7
569,48,4
1038,44,8
1844,38,15
1626,40,13
1266,41,10
1514,41,12
3110,25,28
3212,24,29
2818,26,25
2920,27,26
3499,21,32
1270,43,10
1161,44,9
3729,19,34
3854,18,35
3970,17,36
4088,16,37
1040,45,8
1846,39,15
1516,42,12
3017,27,27
3390,23,31
3501,22,32
1391,43,11
3856,19,35
3972,18,36
4090,17,37
4325,15,39
813,48,6
926,47,7
1042,46,8
1748,41,14
1628,42,13
1517,43,12
3214,26,29
3303,25,30
3018,28,27
2709,27,24
2923,29,26
3391,24,31
3609,22,33
3732,21,34
1393,44,11
3857,20,35
3974,19,36
4092,18,37
4208,17,38
4327,16,39
1043,47,8
1849,41,15
1948,40,16
3216,27,29
3114,28,28
3393,25,31
3020,29,27
2711,28,24
2925,30,26
3503,24,32
3611,23,33
3734,22,34
3859,21,35
1274,46,10
3975,20,36
1165,47,9
1851,42,15
2048,40,17
1631,44,13
3305,27,30
3395,26,31
3116,29,28
3505,25,32
3022,30,27
2604,28,23
2713,29,24
2521,27,22
2822,30,25
3613,24,33
3736,23,34
3861,22,35
3976,21,36
1276,47,10
4094,20,37
4210,19,38
4329,18,39
1951,42,16
1632,45,13
1752,44,14
1520,46,12
3306,28,30
3219,29,29
3507,26,32
3118,30,28
3615,25,33
2523,28,22
2606,29,23
2714,30,24
2824,31,25
2927,32,26
3738,24,34
4095,21,37
1278,48,10
4331,19,39
1753,45,14
1521,47,12
3308,29,30
3397,28,31
3509,27,32
3120,31,28
3740,25,34
2425,28,21
2607,30,23
2716,31,24
2826,32,25
3979,23,36
4097,22,37
4212,21,38
1397,48,11
4333,20,39
2147,42,18
2240,41,19
1854,45,15
1522,48,12
3309,30,30
3399,29,31
3616,27,33
3742,26,34
3865,25,35
2426,29,21
2526,30,22
2609,31,23
2718,32,24
2828,33,25
4214,22,38
1954,45,16
2052,44,17
2241,42,19
3311,31,30
3401,30,31
3618,28,33
3743,27,34
3982,25,36
2233,28,19
2528,31,22
2611,32,23
2719,33,24
2929,35,26
3121,33,28
1955,46,16
2054,45,17
2150,44,18
2243,43,19
2341,42,20
3402,31,31
3868,27,35
2234,29,19
2333,30,20
2428,31,21
2529,32,22
2613,33,23
2930,36,26
3123,34,28
4215,24,38
1957,47,16
2055,46,17
2152,45,18
2342,43,20
1858,48,15
3404,32,31
3620,30,33
3870,28,35
3984,27,36
4101,26,37
4217,25,38
2140,29,18
2235,30,19
2429,32,21
2721,35,24
2832,36,25
2932,37,26
3027,36,27
3125,35,28
4336,24,39
1959,48,16
2057,47,17
2245,45,19
3621,31,33
3746,30,34
4103,27,37
2045,29,17
2142,30,18
2237,31,19
2336,32,20
2531,34,22
2616,35,23
2722,36,24
2834,37,25
2934,38,26
3222,35,29
2435,44,21
3516,33,32
3622,32,33
3747,31,34
3871,30,35
3985,29,36
4104,28,37
4338,26,39
2143,31,18
2337,33,20
2430,34,21
3029,38,27
3128,37,28
3223,36,29
2345,46,20
2533,44,22
3624,33,33
3986,30,36
4105,29,37
4339,27,39
2145,32,18
2339,34,20
3031,39,27
3130,38,28
3224,37,29
2347,47,20
2438,46,21
2534,45,22
3748,33,34
3873,32,35
3988,31,36
4107,30,37
4222,29,38
4341,28,39
3032,40,27
3131,39,28
3314,37,30
2439,47,21
2536,46,22
2620,45,23
3750,34,34
3990,32,36
4108,31,37
4224,30,38
4343,29,39
3407,37,31
2441,48,21
2537,47,22
2249,48,19
2723,45,24
4226,31,38
4345,30,39
3316,39,30
2538,48,22
2725,46,24
3992,34,36
4111,33,37
4228,32,38
4347,31,39
3318,40,30
3410,39,31
3517,38,32
2624,48,23
2835,46,25
3994,35,36
4230,33,38
4349,32,39
3411,40,31
3630,38,33
2728,48,24
3995,36,36
3875,37,35
4232,34,38
4351,33,39
3413,41,31
3519,40,32
3628,37,33
3632,39,33
3754,38,34
2937,47,26
3996,37,36
4113,36,37
4233,35,38
4352,34,39
3521,41,32
3626,36,33
3756,39,34
2939,48,26
3998,38,36
4115,37,37
4354,35,39
3523,42,32
3634,41,33
3757,40,34
3877,39,35
3999,39,36
4236,37,38
4356,36,39
3524,43,32
3759,41,34
3879,40,35
4000,40,36
4118,39,37
4237,38,38
3637,43,33
3761,42,34
3881,41,35
4119,40,37
4238,39,38
4121,41,37
4123,42,37
4359,40,39
3638,46,33
3763,45,34
3884,44,35
3640,47,33
3765,46,34
4003,43,36
4126,44,37
4239,43,38
4362,42,39
3642,48,33
3767,47,34
4128,45,37
4241,44,38
3525,48,32
3768,48,34
3887,47,35
4243,45,38
3889,48,35
4244,46,38
4130,47,37
4132,48,37
4367,47,39
4369,48,39
54,1,0
56,2,0
187,1,1
58,3,0
186,0,1
59,4,0
190,3,1
317,2,2
314,0,2
61,5,0
192,4,1
449,0,3
319,4,2
451,1,3
454,3,3
573,2,4
570,0,4
321,5,2
456,4,3
571,1,4
697,2,5
695,0,5
194,7,1
323,6,2
457,5,3
575,4,4
696,1,5
816,2,6
814,0,6
196,8,1
65,9,0
577,5,4
699,4,5
815,1,6
817,3,6
928,2,7
67,10,0
578,6,4
701,5,5
818,4,6
930,3,7
1045,0,8
326,9,2
580,7,4
703,6,5
819,5,6
931,4,7
1047,1,8
1167,0,9
327,10,2
462,9,3
460,7,3
933,5,7
1171,3,9
464,10,3
461,8,3
582,9,4
934,6,7
1169,2,9
1281,3,10
466,11,3
200,11,1
329,12,2
822,8,6
936,7,7
1174,5,9
1283,4,10
1402,3,11
467,12,3
938,8,7
1176,6,9
1284,5,10
1401,2,11
1404,4,11
1527,3,12
584,12,4
709,11,5
331,14,2
940,9,7
1052,8,8
1285,6,10
1406,5,11
1399,1,11
1525,2,12
1529,4,12
469,14,3
824,11,6
941,10,7
68,13,0
333,15,2
1053,9,8
1179,8,9
1530,5,12
1641,4,13
1756,3,14
711,13,5
942,11,7
1054,10,8
204,15,1
334,16,2
1408,7,11
1643,5,13
1523,0,12
1758,4,14
826,13,6
70,15,0
206,16,1
335,17,2
1288,9,10
1409,8,11
1644,6,13
1636,0,13
1865,4,15
1755,1,14
1863,2,15
1964,3,16
828,14,6
944,13,7
1056,12,8
207,17,1
337,18,2
471,17,3
587,16,4
1290,10,10
1411,9,11
1760,6,14
1966,4,16
1861,1,15
1963,2,16
2063,3,17
829,15,6
946,14,7
715,16,5
1183,12,9
1292,11,10
72,17,0
338,19,2
472,18,3
588,17,4
1413,10,11
1534,9,12
1647,8,13
1761,7,14
1868,6,15
1968,5,16
1859,0,15
2064,4,17
2061,2,17
2159,3,18
831,16,6
1058,14,8
717,17,5
1294,12,10
1414,11,11
74,18,0
340,20,2
474,19,3
589,18,4
1649,9,13
1762,8,14
1969,6,16
2066,5,17
1960,0,16
2161,4,18
2060,1,17
2157,2,18
2255,3,19
833,17,6
949,16,7
1059,15,8
1185,14,9
1295,13,10
211,20,1
342,21,2
1650,10,13
1763,9,14
1870,8,15
1971,7,16
2163,5,18
2155,1,18
2254,2,19
2353,3,20
835,18,6
951,17,7
1061,16,8
1186,15,9
1416,13,11
213,21,1
343,22,2
477,21,3
718,19,5
1765,10,14
1973,8,16
2164,6,18
2258,5,19
2252,1,19
2351,2,20
837,19,6
1297,15,10
1417,14,11
1652,12,13
1766,11,14
345,23,2
591,21,4
1873,10,15
1975,9,16
2067,8,17
2166,7,18
2260,6,19
2250,0,19
2445,4,21
954,19,7
1064,18,8
1419,15,11
1536,14,12
1654,13,13
1768,12,14
1875,11,15
77,22,0
347,24,2
480,23,3
1977,10,16
2262,7,19
2354,6,20
2447,5,21
2349,0,20
2442,1,21
2540,4,22
955,20,7
1065,19,8
839,21,6
1190,18,9
1420,16,11
1537,15,12
1299,17,10
1877,12,15
79,23,0
482,24,3
593,23,4
719,22,5
2070,10,17
2169,9,18
2542,5,22
956,21,7
1067,20,8
1301,18,10
1422,17,11
1539,16,12
1656,15,13
1770,14,14
1879,13,15
2072,11,17
81,24,0
216,25,1
594,24,4
350,26,2
721,23,5
2357,8,20
2450,7,21
2544,6,22
2631,5,23
2626,1,23
2732,2,24
957,22,7
1068,21,8
1193,20,9
1303,19,10
840,23,6
1541,17,12
1881,14,15
83,25,0
218,26,1
596,25,4
484,26,3
2632,6,23
2625,0,23
2841,2,25
1070,22,8
1305,20,10
1543,18,12
1773,16,14
1981,14,16
2074,13,17
2173,12,18
85,26,0
598,26,4
353,28,2
2634,7,23
2735,6,24
2729,0,24
2839,1,25
1072,23,8
1196,22,9
1307,21,10
1424,20,11
1658,18,13
1774,17,14
1983,15,16
2265,12,19
2361,11,20
87,27,0
221,28,1
599,27,4
724,26,5
842,25,6
486,28,3
2451,10,21
2737,7,24
3038,4,27
1074,24,8
1308,22,10
960,25,7
1426,21,11
1546,20,12
1985,16,16
2076,15,17
2175,14,18
2266,13,19
2363,12,20
2359,10,20
2452,11,21
88,28,0
601,28,4
843,26,6
2637,9,23
2739,8,24
3036,3,27
1428,22,11
961,26,7
1660,20,13
1775,19,14
1986,17,16
2077,16,17
2268,14,19
2364,13,20
2453,12,21
2548,11,22
90,29,0
222,30,1
603,29,4
727,28,5
844,27,6
487,30,3
2741,9,24
2945,7,26
3040,6,27
3136,5,28
3033,0,27
3134,3,28
3230,2,29
3234,4,29
1200,25,9
1429,23,11
1549,22,12
1310,24,10
962,27,7
1662,21,13
2177,16,18
2366,14,20
92,30,0
224,31,1
355,30,2
604,30,4
846,28,6
489,31,3
2742,10,24
2847,9,25
3041,7,27
3138,6,28
3236,5,29
3232,3,29
3322,2,30
3323,4,30
1201,26,9
1431,24,11
1664,22,13
963,28,7
1076,27,8
1988,19,16
2079,18,17
2178,17,18
2271,16,19
2454,14,21
2640,12,23
606,31,4
848,29,6
3043,8,27
3139,7,28
3321,1,30
3418,2,31
3227,0,29
3422,4,31
1202,27,9
1312,26,10
1432,25,11
1778,22,14
964,29,7
1078,28,8
1990,20,16
2272,17,19
2552,14,22
2642,13,23
2744,12,24
357,32,2
607,32,4
729,31,5
850,30,6
491,33,3
2848,11,25
3044,9,27
3238,7,29
3326,6,30
3423,5,31
3416,1,31
3420,3,31
3529,2,32
3532,4,32
1433,26,11
1888,22,15
966,30,7
1080,29,8
1992,21,16
2180,19,18
2457,16,21
2554,15,22
2644,14,23
2746,13,24
2849,12,25
95,33,0
359,33,2
609,33,4
731,32,5
492,34,3
3045,10,27
3140,9,28
3328,7,30
3425,6,31
3534,5,32
3414,0,31
3528,1,32
3531,3,32
3646,2,33
3648,4,33
1203,29,9
1314,28,10
1667,25,13
1890,23,15
1993,22,16
1781,24,14
968,31,7
2181,20,18
2274,19,19
2458,17,21
2556,16,22
226,33,1
494,35,3
3047,11,27
3142,10,28
3330,8,30
3649,5,33
3526,0,32
3773,2,34
3777,4,34
1436,28,11
1555,27,12
1669,26,13
1892,24,15
1994,23,16
2084,22,17
970,32,7
1083,31,8
2182,21,18
2276,20,19
2558,17,22
2748,15,24
227,34,1
97,35,0
362,35,2
734,34,5
854,33,6
611,35,4
3048,12,27
3240,10,29
3650,6,33
3779,5,34
3643,0,33
3775,3,34
3771,1,34
3893,4,35
1317,30,10
1438,29,11
1670,27,13
1894,25,15
1996,24,16
2086,23,17
2183,22,18
972,33,7
1085,32,8
2278,21,19
2372,20,20
2461,19,21
2560,18,22
2648,17,23
99,36,0
855,34,6
497,37,3
3050,13,27
3331,10,30
3537,8,32
3651,7,33
3781,6,34
3894,5,35
3769,0,34
3891,1,35
4010,2,36
4014,4,36
1558,29,12
1672,28,13
1783,27,14
1896,26,15
1998,25,16
2185,23,18
973,34,7
1087,33,8
2374,21,20
2562,19,22
2649,18,23
2852,16,25
2952,15,26
101,37,0
365,37,2
856,35,6
737,36,5
613,37,4
3052,14,27
3146,13,28
3242,12,29
3333,11,30
3427,10,31
3538,9,32
3652,8,33
3783,7,34
3896,6,35
4016,5,36
3890,0,35
4012,3,36
4009,1,36
4137,4,37
1441,31,11
1673,29,13
1784,28,14
1897,27,15
2280,23,19
2375,22,20
2464,21,21
2563,20,22
2853,17,25
2953,16,26
2950,14,26
3053,15,27
229,37,1
366,38,2
738,37,5
500,39,3
3148,14,28
3244,13,29
3429,11,31
3540,10,32
3653,9,33
3897,7,35
4018,6,36
4007,0,36
4136,3,37
4252,4,38
1443,32,11
1559,31,12
1786,29,14
1899,28,15
2089,26,17
1208,34,9
1321,33,10
2465,22,21
2652,20,23
2954,17,26
3150,15,28
231,38,1
368,39,2
740,38,5
3246,14,29
3335,13,30
3431,12,31
3542,11,32
3655,10,33
4133,0,37
4250,3,38
4247,1,38
1560,32,12
1787,30,14
1900,29,15
976,37,7
1089,36,8
2467,23,21
2565,22,22
2654,21,23
232,39,1
369,40,2
858,38,6
503,41,3
3336,14,30
3543,12,32
3784,10,34
4245,0,38
4375,3,39
4371,1,39
1675,32,13
1444,34,11
978,38,7
1091,37,8
1324,35,10
2566,23,22
2655,22,23
2753,21,24
3249,16,29
102,39,0
233,40,1
371,41,2
742,40,5
616,41,4
3337,15,30
3657,12,33
3785,11,34
3902,10,35
4370,0,39
4373,2,39
1677,33,13
1563,34,12
979,39,7
1092,38,8
1326,36,10
2755,22,24
2956,20,26
3251,17,29
3338,16,30
3154,18,28
103,40,0
235,41,1
373,42,2
860,40,6
743,41,5
617,42,4
3435,15,31
3545,14,32
3659,13,33
3787,12,34
3900,9,35
4024,10,36
1565,35,12
1446,36,11
1210,38,9
2756,23,24
2857,22,25
2958,21,26
3057,20,27
3252,18,29
3437,16,31
618,43,4
3547,15,32
3660,14,33
3904,12,35
4026,11,36
4022,9,36
4142,10,37
1680,35,13
1567,36,12
1447,37,11
1094,40,8
1328,38,10
2757,24,24
2859,23,25
2960,22,26
104,42,0
236,43,1
745,43,5
620,44,4
3662,15,33
3789,14,34
3906,13,35
4028,12,36
4144,11,37
4020,8,36
4262,10,38
1682,36,13
1569,37,12
2657,24,23
2758,25,24
2962,23,26
3156,21,28
3439,18,31
105,43,0
238,44,1
376,45,2
506,44,3
862,43,6
3663,16,33
3790,15,34
3907,14,35
4145,12,37
4264,11,38
4140,8,37
4260,9,38
1790,36,14
1213,41,9
2759,26,24
2862,25,25
2963,24,26
3060,23,27
3158,22,28
3256,21,29
3441,19,31
3550,18,32
240,45,1
378,46,2
863,44,6
982,43,7
748,45,5
623,46,4
3665,17,33
3792,16,34
4029,14,36
4147,13,37
4265,12,38
4383,11,39
4139,7,37
4259,8,38
4382,9,39
1214,42,9
1330,41,10
2863,26,25
2965,25,26
3254,20,29
3343,21,30
3552,19,32
379,47,2
864,45,6
983,44,7
750,46,5
625,47,4
3793,17,34
4031,15,36
4149,14,37
4385,12,39
4257,7,38
1215,43,9
1451,41,11
2967,26,26
2659,27,23
2762,28,24
3062,25,27
3160,24,28
3259,23,29
3444,21,31
3554,20,32
3667,19,33
109,46,0
243,47,1
381,48,2
509,47,3
866,46,6
1097,44,8
751,47,5
627,48,4
3795,18,34
3910,17,35
4150,15,37
4387,13,39
4255,6,38
1217,44,9
1331,43,10
1453,42,11
1449,40,11
1572,41,12
3064,26,27
2866,28,25
2661,28,23
2764,29,24
3162,25,28
3261,24,29
3556,21,32
111,47,0
245,48,1
511,48,3
868,47,6
1099,45,8
753,48,5
4033,17,36
4152,16,37
4389,14,39
4378,6,39
1333,44,10
1454,43,11
1573,42,12
2868,29,25
2662,29,23
2766,30,24
3263,25,29
3346,24,30
3446,23,31
3913,19,35
113,48,0
985,47,7
1101,46,8
4153,17,37
4270,16,38
4391,15,39
4376,5,39
1456,44,11
1574,43,12
1687,40,13
1796,41,14
3067,28,27
3165,27,28
2870,30,25
2971,29,26
2663,30,23
2768,31,24
3265,26,29
3448,24,31
3671,22,33
3915,20,35
4034,19,36
4154,18,37
4272,17,38
1335,46,10
1220,47,9
1690,43,13
1798,42,14
1685,39,13
1794,40,14
3068,29,27
3267,27,29
2872,31,25
2568,30,22
2468,29,21
2770,32,24
3348,26,30
3450,25,31
3560,24,32
3672,23,33
3799,22,34
4036,20,36
1103,48,8
4393,17,39
1577,45,12
1902,40,15
3070,30,27
3269,28,29
3350,27,30
2873,32,25
2470,30,21
2570,31,22
2377,29,20
2772,33,24
3452,26,31
3562,25,32
3674,24,33
3801,23,34
4038,21,36
4156,20,37
4395,18,39
1578,46,12
1692,45,13
1792,38,14
3072,31,27
3167,30,28
3271,29,29
3351,28,30
2379,30,20
2471,31,21
2281,29,19
2773,34,24
4039,22,36
4157,21,37
4397,19,39
1694,46,13
3352,29,30
3455,28,31
2976,33,26
2282,30,19
2381,31,20
2571,33,22
2666,34,23
2774,35,24
3564,27,32
3675,26,33
3804,25,34
3919,24,35
4041,23,36
4276,21,38
1800,44,14
3075,33,27
3169,32,28
3354,30,30
3457,29,31
2284,31,19
2474,33,21
2667,35,23
2090,29,17
2776,36,24
3805,26,34
4159,23,37
1907,46,15
1459,48,11
1696,48,13
1905,44,15
2003,45,16
3458,30,31
3566,29,32
2979,35,26
2187,31,18
2286,32,19
2091,30,17
2383,33,20
2475,34,21
2573,35,22
2669,36,23
2778,37,24
2876,36,25
3807,27,34
4279,23,38
1909,47,15
1338,48,10
1903,43,15
3172,34,28
3567,30,32
3355,32,30
3678,29,33
2980,36,26
2092,31,17
2288,33,19
2477,35,21
2574,36,22
2671,37,23
2878,37,25
3809,28,34
3922,27,35
4401,23,39
2005,47,16
2098,44,17
2101,46,17
2196,45,18
3078,36,27
3568,31,32
3680,30,33
3460,32,31
3811,29,34
2982,37,26
2094,32,17
2190,33,18
2290,34,19
2479,36,21
2880,38,25
3924,28,35
4044,27,36
4403,24,39
2007,48,16
2103,47,17
2198,46,18
2298,45,19
3080,37,27
3813,30,34
3462,33,31
3925,29,35
2983,38,26
2291,35,19
4043,26,36
2105,48,17
2001,41,16
2194,43,18
2296,44,19
2299,46,19
3174,37,28
3683,32,33
3926,30,35
4045,29,36
4283,27,38
2201,48,18
2096,41,17
2193,42,18
2294,43,19
2389,44,20
2391,46,20
2483,45,21
3176,38,28
3685,33,33
3928,31,35
4046,30,36
4162,29,37
2985,40,26
2300,48,19
2292,42,19
2387,43,20
2481,44,21
2484,46,21
2577,45,22
3177,39,28
3276,38,29
3357,37,30
3082,40,27
3686,34,33
3816,33,34
4286,29,38
4408,28,39
2485,47,21
3179,40,28
3277,39,29
3688,35,33
3930,33,35
4048,32,36
2487,48,21
2578,47,22
3360,39,30
3464,38,31
3819,35,34
4164,32,37
4288,31,38
2579,48,22
2676,47,23
3361,40,30
3465,39,31
4050,34,36
4289,32,38
4410,31,39
2677,48,23
2674,46,23
3467,40,31
3573,39,32
3933,36,35
4051,35,36
4412,32,39
2782,48,24
2780,46,24
3469,41,31
3574,40,32
3279,41,29
3934,37,35
4167,35,37
4291,34,38
4414,33,39
3575,41,32
3694,40,33
3825,39,34
3822,37,34
4053,37,36
4169,36,37
4416,34,39
3577,42,32
3691,37,33
4054,38,36
4292,36,38
4417,35,39
3579,43,32
3826,41,34
4056,39,36
4294,37,38
4418,36,39
3470,43,31
3697,43,33
3828,42,34
3937,41,35
4172,39,37
4295,38,38
3829,43,34
4058,41,36
4297,39,38
4175,41,37
4421,39,39
3830,45,34
4061,43,36
4423,40,39
3832,46,34
3942,45,35
4063,44,36
3701,47,33
4298,42,38
4064,45,36
3581,47,32
3702,48,33
4425,42,39
3835,48,34
3945,47,35
4065,46,36
4179,45,37
4426,43,39
3583,48,32
3947,48,35
4067,47,36
4181,46,37
4300,45,38
4427,44,39
4182,47,37
4184,48,37
4303,47,38
4429,46,39
4431,47,39
4433,48,39
55,1,0
57,2,0
188,1,1
189,2,1
316,1,2
191,3,1
318,2,2
60,4,0
315,0,2
452,1,3
453,2,3
62,5,0
450,0,3
572,1,4
320,4,2
455,3,3
574,2,4
322,5,2
193,6,1
698,2,5
63,7,0
324,6,2
458,5,3
576,4,4
195,7,1
64,8,0
325,7,2
459,6,3
700,4,5
197,8,1
929,2,7
66,9,0
927,0,7
579,6,4
702,5,5
198,9,1
1048,2,8
1046,0,8
704,6,5
820,5,6
932,4,7
199,10,1
1170,2,9
463,9,3
581,8,4
705,7,5
1049,4,8
201,11,1
328,10,2
1168,1,9
1172,3,9
1279,0,10
465,10,3
706,8,5
821,7,6
1173,4,9
202,12,1
1280,1,10
1282,3,10
1398,0,11
707,9,5
937,7,7
1175,5,9
1050,6,8
203,13,1
330,12,2
1400,1,11
1403,3,11
468,12,3
583,11,4
708,10,5
823,9,6
935,6,7
939,8,7
1051,7,8
1177,6,9
1405,4,11
69,13,0
1524,1,12
1528,3,12
1637,0,13
1178,7,9
1286,6,10
1407,5,11
205,15,1
332,14,2
1526,2,12
1638,1,13
1640,3,13
470,14,3
585,13,4
710,12,5
825,11,6
1180,8,9
1531,5,12
71,15,0
1639,2,13
1642,4,13
1757,3,14
1860,0,15
586,14,4
712,13,5
943,11,7
1055,10,8
1181,9,9
1287,8,10
1532,6,12
208,17,1
1759,4,14
1864,3,15
1862,1,15
1961,0,16
713,14,5
827,13,6
1289,9,10
1410,8,11
1645,6,13
73,17,0
209,18,1
336,17,2
1866,4,15
1965,3,16
1962,1,16
2059,0,17
714,15,5
945,13,7
1057,12,8
1182,11,9
1291,10,10
1412,9,11
1533,8,12
1646,7,13
210,19,1
1867,5,15
1967,4,16
2154,0,18
716,16,5
830,15,6
947,14,7
473,18,3
1293,11,10
1648,8,13
75,19,0
212,20,1
339,19,2
2065,4,17
2062,2,17
2160,3,18
2156,1,18
2251,0,19
832,16,6
948,15,7
590,18,4
475,19,3
1184,13,9
1869,7,15
1970,6,16
76,20,0
341,20,2
2162,4,18
2158,2,18
2256,3,19
2253,1,19
2350,0,20
834,17,6
950,16,7
1060,15,8
476,20,3
1415,12,11
1651,10,13
1764,9,14
1871,8,15
1972,7,16
2257,4,19
836,18,6
952,17,7
1062,16,8
1187,15,9
1296,14,10
478,21,3
1535,12,12
1872,9,15
1974,8,16
2165,6,18
78,22,0
344,22,2
2259,5,19
2352,2,20
2444,3,21
2443,1,21
953,18,7
1063,17,8
1188,16,9
1418,14,11
479,22,3
592,21,4
1653,12,13
1767,11,14
1874,10,15
1976,9,16
2068,8,17
2167,7,18
2261,6,19
80,23,0
346,23,2
2446,4,21
838,20,6
1189,17,9
1298,16,10
481,23,3
1876,11,15
1978,10,16
2069,9,17
2168,8,18
2263,7,19
2355,6,20
82,24,0
214,23,1
348,24,2
2448,5,21
2541,4,22
2539,2,22
2629,3,23
2627,1,23
1066,19,8
1191,18,9
1300,17,10
1421,16,11
1538,15,12
1655,14,13
483,24,3
720,22,5
1769,13,14
1878,12,15
1979,11,16
2071,10,17
2170,9,18
2356,7,20
2449,6,21
84,25,0
215,24,1
349,25,2
2543,5,22
2630,4,23
2628,2,23
2731,1,24
1192,19,9
1302,18,10
1540,16,12
1771,14,14
595,24,4
1880,13,15
2171,10,18
86,26,0
217,25,1
351,26,2
2733,4,24
2730,0,24
2840,1,25
1194,20,9
1304,19,10
1069,21,8
958,22,7
841,23,6
1542,17,12
1657,16,13
1772,15,14
1882,14,15
597,25,4
722,24,5
485,26,3
1980,13,16
2073,12,17
2172,11,18
2264,10,19
2358,9,20
2545,7,22
2633,6,23
219,26,1
352,27,2
2734,5,24
2843,4,25
2842,2,25
2942,3,26
2838,0,25
2941,1,26
1195,21,9
1306,20,10
1423,19,11
1071,22,8
959,23,7
1544,18,12
1883,15,15
1982,14,16
723,25,5
2075,13,17
2360,10,20
2546,8,22
2635,7,23
2736,6,24
220,27,1
89,28,0
354,28,2
2844,5,25
2943,4,26
3037,3,27
2940,0,26
1197,22,9
1425,20,11
1545,19,12
1073,23,8
1984,15,16
725,26,5
600,27,4
2174,13,18
2362,11,20
2547,9,22
2636,8,23
2738,7,24
2845,6,25
91,29,0
2944,5,26
3035,2,27
3034,0,27
3133,1,28
1198,23,9
1427,21,11
1547,20,12
1659,19,13
1075,24,8
1884,17,15
2176,14,18
726,27,5
602,28,4
2267,13,19
2638,9,23
2740,8,24
3039,5,27
3229,1,29
1199,24,9
1309,23,10
1548,21,12
1661,20,13
1776,19,14
845,27,6
1885,18,15
1987,17,16
2078,16,17
2269,14,19
728,28,5
488,30,3
2365,13,20
2549,11,22
2846,8,25
2946,7,26
223,30,1
356,31,2
3137,5,28
3231,2,29
3228,0,29
1430,23,11
1550,22,12
1663,21,13
1886,19,15
847,28,6
2270,15,19
2367,14,20
490,31,3
605,30,4
2550,12,22
2639,11,23
2743,10,24
3042,7,27
358,32,2
3135,4,28
3233,3,29
3320,0,30
3417,1,31
1311,25,10
1551,23,12
1665,22,13
1777,21,14
1887,20,15
1989,19,16
1077,27,8
849,29,6
2080,18,17
2455,14,21
2551,13,22
2641,12,23
93,31,0
225,32,1
360,33,2
3235,4,29
3237,6,29
3325,5,30
3419,2,31
3415,0,31
1313,26,10
1552,24,12
1779,22,14
1991,20,16
2081,19,17
1079,28,8
965,29,7
851,30,6
2179,18,18
2273,17,19
2368,16,20
2456,15,21
2553,14,22
608,32,4
730,31,5
2643,13,23
2745,12,24
3239,7,29
94,32,0
361,34,2
3324,4,30
3327,6,30
3424,5,31
3421,3,31
3530,2,32
3527,0,32
3645,1,33
1434,26,11
1553,25,12
1666,24,13
1780,23,14
1889,22,15
2082,20,17
1081,29,8
967,30,7
852,31,6
2369,17,20
2555,15,22
2645,14,23
732,32,5
493,34,3
2747,13,24
2850,12,25
2947,11,26
3046,10,27
3329,7,30
3141,9,28
96,33,0
363,35,2
3535,5,32
3647,2,33
3644,0,33
3772,1,34
1435,27,11
1554,26,12
1315,28,10
1668,25,13
1891,23,15
2083,21,17
1082,30,8
1204,29,9
969,31,7
853,32,6
2275,19,19
2370,18,20
2459,17,21
2557,16,22
2646,15,23
733,33,5
610,34,4
495,35,3
2948,12,26
3143,10,28
228,35,1
364,36,2
3533,4,32
3774,2,34
3770,0,34
1437,28,11
1556,27,12
1316,29,10
1782,25,14
1893,24,15
1995,23,16
2085,22,17
1084,31,8
1205,30,9
971,32,7
2277,20,19
2371,19,20
2460,18,21
2559,17,22
2647,16,23
2749,15,24
2851,14,25
735,34,5
496,36,3
2949,13,26
3049,12,27
3144,11,28
3241,10,29
3536,7,32
98,35,0
3776,3,34
1439,29,11
1557,28,12
1671,27,13
1318,30,10
1895,25,15
1997,24,16
2184,22,18
1086,32,8
1206,31,9
2373,20,20
2462,19,21
2561,18,22
2951,14,26
736,35,5
612,36,4
498,37,3
3051,13,27
3145,12,28
3332,10,30
3426,9,31
100,36,0
230,37,1
367,38,2
3778,4,34
3892,3,35
4008,0,36
1440,30,11
1319,31,10
1999,25,16
2087,24,17
2279,22,19
974,34,7
2463,20,21
2650,18,23
499,38,3
3147,13,28
3243,12,29
3428,10,31
3539,9,32
3780,5,34
4013,3,36
4134,0,37
1442,31,11
1674,29,13
1785,28,14
1898,27,15
1320,32,10
2088,25,17
1088,34,8
1207,33,9
975,35,7
2564,20,22
2651,19,23
2750,18,24
2854,17,25
739,37,5
501,39,3
614,38,4
3149,14,28
3245,13,29
3334,12,30
3430,11,31
3541,10,32
3654,9,33
3782,6,34
3898,7,35
3895,5,35
4011,2,36
4015,4,36
4246,0,38
1322,33,10
2466,22,21
2653,20,23
2751,19,24
2955,17,26
857,37,6
502,40,3
3151,15,28
3247,14,29
3432,12,31
3656,10,33
3899,8,35
234,40,1
4017,5,36
4135,2,37
4251,3,38
4248,1,38
1561,32,12
1788,30,14
1323,34,10
1090,36,8
2752,20,24
977,37,7
741,39,5
370,40,2
615,40,4
3152,16,28
3248,15,29
3433,13,31
3544,12,32
3901,9,35
4021,8,36
4019,6,36
4138,5,37
4249,2,38
4253,4,38
4372,1,39
1562,33,12
1676,32,13
1325,35,10
2754,21,24
2855,20,25
3055,18,27
3054,16,27
3153,17,28
859,39,6
372,41,2
504,42,3
3250,16,29
3434,14,31
3658,12,33
3786,11,34
4023,9,36
4258,7,38
4254,5,38
4374,2,39
1564,34,12
1678,33,13
1327,36,10
1445,35,11
2656,23,23
2856,21,25
2957,20,26
3056,19,27
3155,18,28
744,41,5
374,42,2
505,43,3
3436,15,31
3546,14,32
3903,11,35
4025,10,36
4141,9,37
4256,6,38
4380,7,39
237,43,1
4377,5,39
1566,35,12
1679,34,13
2858,22,25
2959,21,26
3058,20,27
3339,17,30
1093,39,8
1211,38,9
980,40,7
375,43,2
507,44,3
619,43,4
3438,16,31
3548,15,32
3661,14,33
3788,13,34
3905,12,35
4027,11,36
4143,10,37
4261,9,38
4379,6,39
4381,8,39
106,43,0
239,44,1
1568,36,12
1681,35,13
1209,37,9
1448,37,11
2860,23,25
2961,22,26
3253,19,29
3340,18,30
1212,39,9
981,41,7
861,42,6
746,43,5
621,44,4
3549,16,32
4263,10,38
107,44,0
241,45,1
1789,35,14
2861,24,25
3059,22,27
3157,21,28
3255,20,29
3341,19,30
3440,18,31
1095,41,8
747,44,5
377,45,2
622,45,4
3664,16,33
3791,15,34
3908,14,35
4146,12,37
108,45,0
242,46,1
1570,38,12
1683,37,13
1791,36,14
1329,40,10
2964,24,26
3159,22,28
3257,21,29
3342,20,30
3442,19,31
3551,18,32
3666,17,33
1096,42,8
749,45,5
624,46,4
4030,14,36
4148,13,37
4266,12,38
4384,11,39
110,46,0
244,47,1
1571,39,12
1684,38,13
1450,40,11
2966,25,26
3061,24,27
2864,26,25
3258,22,29
3344,21,30
3443,20,31
3553,19,32
3794,17,34
865,45,6
380,47,2
508,46,3
626,47,4
3909,16,35
4032,15,36
4267,13,38
4386,12,39
112,47,0
246,48,1
1686,39,13
1793,38,14
1452,41,11
2968,26,26
3063,25,27
3161,24,28
2760,26,24
2865,27,25
3260,23,29
3345,22,30
3555,20,32
3668,19,33
3796,18,34
3911,17,35
1098,44,8
1216,43,9
867,46,6
510,47,3
752,47,5
4151,15,37
4268,14,38
4388,13,39
114,48,0
1688,40,13
2969,27,26
3065,26,27
3163,25,28
3262,24,29
2658,26,23
2761,27,24
2867,28,25
3445,22,31
3557,21,32
3669,20,33
3912,18,35
1100,45,8
1332,43,10
984,46,7
754,48,5
4269,15,38
4390,14,39
1689,41,13
1795,40,14
1455,43,11
2970,28,26
3066,27,27
3164,26,28
3264,25,29
2660,27,23
2763,28,24
2869,29,25
3447,23,31
3558,22,32
3670,21,33
3797,20,34
3914,19,35
1218,45,9
1334,44,10
986,47,7
869,48,6
4271,16,38
1797,41,14
1575,43,12
1457,44,11
2972,29,26
3166,27,28
3266,26,29
3347,25,30
2567,27,22
2765,29,24
2871,30,25
3449,24,31
3559,23,32
3798,21,34
3916,20,35
4035,19,36
1219,46,9
1102,47,8
4273,17,38
4392,16,39
1799,42,14
1691,43,13
1901,39,15
2000,40,16
1576,44,12
1458,45,11
2973,30,26
3069,29,27
3268,27,29
3349,26,30
3451,25,31
2767,30,24
3561,24,32
3673,23,33
3800,22,34
3917,21,35
4037,20,36
1221,47,9
1336,46,10
4274,18,38
4394,17,39
2002,41,16
2095,40,17
2974,31,26
3071,30,27
3270,28,29
3453,26,31
3563,25,32
2769,31,24
3802,23,34
3918,22,35
1222,48,9
1337,47,10
4155,18,37
4396,18,39
1801,44,14
1904,43,15
1693,45,13
1579,46,12
2975,32,26
3073,31,27
3272,29,29
3454,27,31
2771,32,24
2569,30,22
3803,24,34
4040,22,36
4158,21,37
4275,20,38
4398,19,39
1802,45,14
1906,44,15
2097,42,17
2192,41,18
1695,46,13
1580,47,12
1460,48,11
2977,33,26
3074,32,27
3168,31,28
3273,30,29
3353,29,30
3456,28,31
3565,27,32
3676,26,33
2664,32,23
4277,21,38
1803,46,14
1581,48,12
2978,34,26
3076,33,27
3170,32,28
3806,26,34
3920,25,35
2665,33,23
2380,30,20
2469,29,21
2472,31,21
4278,22,38
4399,21,39
1804,47,14
1908,46,15
2099,44,17
2195,43,18
2293,42,19
1697,48,13
2874,34,25
3077,34,27
3171,33,28
3459,30,31
3677,28,33
3808,27,34
3921,26,35
4042,25,36
2572,33,22
2473,32,21
2775,35,24
2283,30,19
2378,29,20
2382,31,20
4400,22,39
1805,48,14
1910,47,15
2004,46,16
2100,45,17
2295,43,19
2386,42,20
2875,35,25
3679,29,33
3810,28,34
3923,27,35
4160,25,37
2668,35,23
2777,36,24
2285,31,19
2376,28,20
4402,23,39
4280,24,38
2006,47,16
2102,46,17
2197,45,18
2297,44,19
2388,43,20
2877,36,25
3079,36,27
3461,32,31
3569,31,32
3681,30,33
3812,29,34
4281,25,38
2476,34,21
2670,36,23
2287,32,19
2779,37,24
2188,31,18
2186,29,18
4404,24,39
2104,47,17
2199,46,18
2390,44,20
2480,43,21
2879,37,25
2981,36,26
3173,36,28
3274,35,29
3570,32,32
3682,31,33
3814,30,34
4161,27,37
4282,26,38
4405,25,39
2384,34,20
2478,35,21
2289,33,19
2575,36,22
2672,37,23
2093,31,17
2189,32,18
2200,47,18
2482,44,21
2881,38,25
3175,37,28
3275,36,29
3571,33,32
3684,32,33
3927,30,35
4284,27,38
4406,26,39
2385,35,20
2191,33,18
2392,46,20
2576,44,22
2984,38,26
3356,36,30
3081,39,27
3815,32,34
4285,28,38
4407,27,39
2301,48,19
2393,47,20
3178,39,28
3358,37,30
3083,40,27
3687,34,33
3817,33,34
3929,32,35
4047,31,36
4163,30,37
4287,29,38
2394,48,20
2486,47,21
2673,45,23
3180,40,28
3359,38,30
3463,37,31
3689,35,33
3818,34,34
3931,33,35
2675,46,23
3278,40,29
3690,36,33
3820,35,34
3932,34,35
4049,33,36
4409,30,39
2580,48,22
3362,40,30
3466,39,31
3572,38,32
3821,36,34
4165,33,37
4411,31,39
2678,48,23
2781,47,24
2882,46,25
3468,40,31
3692,38,33
3823,37,34
4166,34,37
4413,32,39
2783,48,24
2883,47,25
3693,39,33
3824,38,34
4052,36,36
4168,35,37
4290,32,38
4415,33,39
3576,41,32
3935,38,35
4170,36,37
3578,42,32
3695,41,33
4055,38,36
4171,37,37
4293,36,38
3580,43,32
3696,42,33
3827,41,34
3936,40,35
4057,39,36
3698,43,33
3938,41,35
4173,39,37
4296,38,38
4419,37,39
3699,44,33
3939,42,35
4059,41,36
4174,40,37
4420,38,39
3940,43,35
4060,42,36
4176,41,37
4422,39,39
3831,45,34
3941,44,35
4062,43,36
4177,42,37
4424,40,39
3833,46,34
3943,45,35
4299,42,38
3700,46,33
3834,47,34
3944,46,35
4178,44,37
3836,48,34
3946,47,35
4066,46,36
4180,45,37
3582,47,32
3703,48,33
3948,48,35
4301,45,38
4428,44,39
3584,48,32
4183,47,37
4302,46,38
4185,48,37
4304,47,38
4430,46,39
4305,48,38
4432,47,39
4434,48,39
